<?xml version="1.0" encoding="UTF-8"?>
<project-private xmlns="http://www.netbeans.org/ns/project-private/1">
    <editor-bookmarks xmlns="http://www.netbeans.org/ns/editor-bookmarks/2" lastBookmarkId="0"/>
    <open-files xmlns="http://www.netbeans.org/ns/projectui-open-files/2">
        <group>
            <file>file:/D:/DUY/TH_MTT/NguyenVanDuy2709/src/nguyenvanduy2709/bai1.java</file>
            <file>file:/D:/DUY/TH_MTT/NguyenVanDuy2709/src/nguyenvanduy2709/NguyenVanDuy2709.java</file>
            <file>file:/D:/DUY/TH_MTT/NguyenVanDuy2709/src/nguyenvanduy2709/frm_ktip.java</file>
        </group>
    </open-files>
</project-private>
